{"cameraMode":{"drawMode":0,"name":"Shaded","section":"Shading Mode"},"sceneLighting":true,"audioPlay":false,"sceneViewState":{"showFog":true,"showMaterialUpdate":false,"showSkybox":true,"showFlares":true,"showImageEffects":true,"showParticleSystems":true,"showVisualEffectGraphs":true,"m_FxEnabled":true},"in2DMode":false,"pivot":{"x":-934.8087768554688,"y":130.32266235351563,"z":-369.1177978515625},"rotation":{"x":0.6308064460754395,"y":-0.019307851791381837,"z":0.015675511211156846,"w":0.7755942940711975},"size":1.5809390544891358,"orthographic":false}