{"cameraMode":{"drawMode":0,"name":"Shaded","section":"Shading Mode"},"sceneLighting":false,"audioPlay":false,"sceneViewState":{"showFog":true,"showMaterialUpdate":false,"showSkybox":false,"showFlares":true,"showImageEffects":true,"showParticleSystems":true,"showVisualEffectGraphs":true,"m_FxEnabled":true},"in2DMode":false,"pivot":{"x":0.000003814697265625,"y":2.0364458560943605,"z":-0.6318297386169434},"rotation":{"x":-0.05975212901830673,"y":0.7640819549560547,"z":-0.07149476557970047,"w":-0.6383893489837647},"size":3.469155788421631,"orthographic":false}